{
  "parent": "item/handheld",
  "textures": {
    "layer0": "items/wood_pickaxe"
  },
  "overrides": [
    {"predicate": {"damaged": 0, "damage": 0.016666666666666666}, "model": "item/mid_white"},
    {"predicate": {"damaged": 1, "damage": 0.016666666666666666}, "model": "item/wooden_pickaxe"},
    {"predicate": {"damaged": 0, "damage": 0.03333333333333333}, "model": "item/mid_blue"},
    {"predicate": {"damaged": 1, "damage": 0.03333333333333333}, "model": "item/wooden_pickaxe"},
    {"predicate": {"damaged": 0, "damage": 0.05}, "model": "item/mid_red"},
    {"predicate": {"damaged": 1, "damage": 0.05}, "model": "item/wooden_pickaxe"},
    {"predicate": {"damaged": 0, "damage": 0.06666666666666667}, "model": "item/mid_yellow"},
    {"predicate": {"damaged": 1, "damage": 0.06666666666666667}, "model": "item/wooden_pickaxe"},
    {"predicate": {"damaged": 0, "damage": 0.08333333333333333}, "model": "item/mid_green"},
    {"predicate": {"damaged": 1, "damage": 0.08333333333333333}, "model": "item/wooden_pickaxe"},
    {"predicate": {"damaged": 0, "damage": 0.1}, "model": "item/mid_black"},
    {"predicate": {"damaged": 1, "damage": 0.1}, "model": "item/wooden_pickaxe"},
    {"predicate": {"damaged": 0, "damage": 0.11666666666666667}, "model": "item/conn_white"},
    {"predicate": {"damaged": 1, "damage": 0.11666666666666667}, "model": "item/wooden_pickaxe"},
    {"predicate": {"damaged": 0, "damage": 0.13333333333333333}, "model": "item/conn_blue"},
    {"predicate": {"damaged": 1, "damage": 0.13333333333333333}, "model": "item/wooden_pickaxe"},
    {"predicate": {"damaged": 0, "damage": 0.15}, "model": "item/conn_red"},
    {"predicate": {"damaged": 1, "damage": 0.15}, "model": "item/wooden_pickaxe"},
    {"predicate": {"damaged": 0, "damage": 0.16666666666666666}, "model": "item/conn_yellow"},
    {"predicate": {"damaged": 1, "damage": 0.16666666666666666}, "model": "item/wooden_pickaxe"},
    {"predicate": {"damaged": 0, "damage": 0.18333333333333332}, "model": "item/conn_green"},
    {"predicate": {"damaged": 1, "damage": 0.18333333333333332}, "model": "item/wooden_pickaxe"},
    {"predicate": {"damaged": 0, "damage": 0.2}, "model": "item/conn_black"},
    {"predicate": {"damaged": 1, "damage": 0.2}, "model": "item/wooden_pickaxe"},
    {"predicate": {"damaged": 0, "damage": 0.21666666666666667}, "model": "item/mid_golden"},
    {"predicate": {"damaged": 1, "damage": 0.21666666666666667}, "model": "item/wooden_pickaxe"},
    {"predicate": {"damaged": 0, "damage": 0.23333333333333334}, "model": "item/conn_golden_white"},
    {"predicate": {"damaged": 1, "damage": 0.23333333333333334}, "model": "item/wooden_pickaxe"},
    {"predicate": {"damaged": 0, "damage": 0.25}, "model": "item/conn_golden_blue"},
    {"predicate": {"damaged": 1, "damage": 0.25}, "model": "item/wooden_pickaxe"},
    {"predicate": {"damaged": 0, "damage": 0.26666666666666666}, "model": "item/conn_golden_red"},
    {"predicate": {"damaged": 1, "damage": 0.26666666666666666}, "model": "item/wooden_pickaxe"},
    {"predicate": {"damaged": 0, "damage": 0.2833333333333333}, "model": "item/conn_golden_yellow"},
    {"predicate": {"damaged": 1, "damage": 0.2833333333333333}, "model": "item/wooden_pickaxe"},
    {"predicate": {"damaged": 0, "damage": 0.3}, "model": "item/conn_golden_green"},
    {"predicate": {"damaged": 1, "damage": 0.3}, "model": "item/wooden_pickaxe"},
    {"predicate": {"damaged": 0, "damage": 0.31666666666666665}, "model": "item/conn_golden_black"},
    {"predicate": {"damaged": 1, "damage": 0.31666666666666665}, "model": "item/wooden_pickaxe"},
    {"predicate": {"damaged": 0, "damage": 0.3333333333333333}, "model": "item/mid_iron"},
    {"predicate": {"damaged": 1, "damage": 0.3333333333333333}, "model": "item/wooden_pickaxe"},
    {"predicate": {"damaged": 0, "damage": 0.35}, "model": "item/conn_iron_closed"},
    {"predicate": {"damaged": 1, "damage": 0.35}, "model": "item/wooden_pickaxe"},
    {"predicate": {"damaged": 0, "damage": 0.36666666666666664}, "model": "item/conn_iron_opened"},
    {"predicate": {"damaged": 1, "damage": 0.36666666666666664}, "model": "item/wooden_pickaxe"},
    {"predicate": {"damaged": 0, "damage": 0.3833333333333333}, "model": "item/mid_ice"},
    {"predicate": {"damaged": 1, "damage": 0.3833333333333333}, "model": "item/wooden_pickaxe"},
    {"predicate": {"damaged": 0, "damage": 0.4}, "model": "item/conn_ice"},
    {"predicate": {"damaged": 1, "damage": 0.4}, "model": "item/wooden_pickaxe"},
    {"predicate": {"damaged": 0, "damage": 0.4166666666666667}, "model": "item/item_pipe_white"},
    {"predicate": {"damaged": 1, "damage": 0.4166666666666667}, "model": "item/wooden_pickaxe"},
    {"predicate": {"damaged": 0, "damage": 0.43333333333333335}, "model": "item/item_pipe_blue"},
    {"predicate": {"damaged": 1, "damage": 0.43333333333333335}, "model": "item/wooden_pickaxe"},
    {"predicate": {"damaged": 0, "damage": 0.45}, "model": "item/item_pipe_red"},
    {"predicate": {"damaged": 1, "damage": 0.45}, "model": "item/wooden_pickaxe"},
    {"predicate": {"damaged": 0, "damage": 0.4666666666666667}, "model": "item/item_pipe_yellow"},
    {"predicate": {"damaged": 1, "damage": 0.4666666666666667}, "model": "item/wooden_pickaxe"},
    {"predicate": {"damaged": 0, "damage": 0.48333333333333334}, "model": "item/item_pipe_green"},
    {"predicate": {"damaged": 1, "damage": 0.48333333333333334}, "model": "item/wooden_pickaxe"},
    {"predicate": {"damaged": 0, "damage": 0.5}, "model": "item/item_pipe_black"},
    {"predicate": {"damaged": 1, "damage": 0.5}, "model": "item/wooden_pickaxe"},
    {"predicate": {"damaged": 0, "damage": 0.5166666666666666}, "model": "item/item_pipe_golden"},
    {"predicate": {"damaged": 1, "damage": 0.5166666666666666}, "model": "item/wooden_pickaxe"},
    {"predicate": {"damaged": 0, "damage": 0.5333333333333333}, "model": "item/item_pipe_iron"},
    {"predicate": {"damaged": 1, "damage": 0.5333333333333333}, "model": "item/wooden_pickaxe"},
    {"predicate": {"damaged": 0, "damage": 0.55}, "model": "item/item_pipe_ice"},
    {"predicate": {"damaged": 1, "damage": 0.55}, "model": "item/wooden_pickaxe"},
    {"predicate": {"damaged": 0, "damage": 0.5666666666666667}, "model": "item/item_wrench"},
    {"predicate": {"damaged": 1, "damage": 0.5666666666666667}, "model": "item/wooden_pickaxe"},
    {"predicate": {"damaged": 0, "damage": 0.5833333333333334}, "model": "item/mid_void"},
    {"predicate": {"damaged": 1, "damage": 0.5833333333333334}, "model": "item/wooden_pickaxe"},
    {"predicate": {"damaged": 0, "damage": 0.6}, "model": "item/conn_void"},
    {"predicate": {"damaged": 1, "damage": 0.6}, "model": "item/wooden_pickaxe"},
    {"predicate": {"damaged": 0, "damage": 0.6166666666666667}, "model": "item/mid_extraction"},
    {"predicate": {"damaged": 1, "damage": 0.6166666666666667}, "model": "item/wooden_pickaxe"},
    {"predicate": {"damaged": 0, "damage": 0.6333333333333333}, "model": "item/conn_extraction_closed"},
    {"predicate": {"damaged": 1, "damage": 0.6333333333333333}, "model": "item/wooden_pickaxe"},
    {"predicate": {"damaged": 0, "damage": 0.65}, "model": "item/conn_extraction_opened"},
    {"predicate": {"damaged": 1, "damage": 0.65}, "model": "item/wooden_pickaxe"},
    {"predicate": {"damaged": 0, "damage": 0.6666666666666666}, "model": "item/wiremid_white"},
    {"predicate": {"damaged": 1, "damage": 0.6666666666666666}, "model": "item/wooden_pickaxe"},
    {"predicate": {"damaged": 0, "damage": 0.6833333333333333}, "model": "item/wireconn_white"},
    {"predicate": {"damaged": 1, "damage": 0.6833333333333333}, "model": "item/wooden_pickaxe"},
    {"predicate": {"damaged": 0, "damage": 0.7}, "model": "item/mid_crafting"},
    {"predicate": {"damaged": 1, "damage": 0.7}, "model": "item/wooden_pickaxe"},
    {"predicate": {"damaged": 0, "damage": 0.7166666666666667}, "model": "item/conn_crafting"},
    {"predicate": {"damaged": 1, "damage": 0.7166666666666667}, "model": "item/wooden_pickaxe"}
  ]
}
